{"cameraMode":{"drawMode":0,"name":"Shaded","section":"Shading Mode"},"sceneLighting":true,"audioPlay":false,"sceneViewState":{"showFog":true,"showMaterialUpdate":false,"showSkybox":true,"showFlares":true,"showImageEffects":true,"showParticleSystems":true},"in2DMode":false,"pivot":{"x":3.860239028930664,"y":15.266881942749024,"z":-0.8384628295898438},"rotation":{"x":0.050460703670978549,"y":-0.7618067264556885,"z":0.05978233367204666,"w":0.6431021690368652},"size":59.846519470214847,"orthographic":false}