{"cameraMode":{"drawMode":0,"name":"Shaded","section":"Shading Mode"},"sceneLighting":true,"audioPlay":false,"sceneViewState":{"showFog":true,"showMaterialUpdate":false,"showSkybox":true,"showFlares":true,"showImageEffects":true,"showParticleSystems":true},"in2DMode":false,"pivot":{"x":5.457176685333252,"y":5.530447959899902,"z":4.416172504425049},"rotation":{"x":0.07865987718105316,"y":-0.7804543375968933,"z":0.10030007362365723,"w":0.6121253371238709},"size":21.666603088378908,"orthographic":false}